Route,Views
/,2
/posts,3
/_wdt/25cf50,1
/posts/show/obsidian_workflowy/teaser,4
/posts/show/task_management_app/teaser,3
/posts/show/cypress-testing-tips/teaser,4
/posts/show/the-last-superhero/teaser,4
/posts/show/partial-page-updates/teaser,4
er,1
/_wdt/2b5d34,1
/_wdt/e98358,1
/_wdt/87df08,1
/_wdt/d8d594,1
/_wdt/fe3a10,1
/_wdt/a7b400,1
/_wdt/6ed2d4,1
/_wdt/8bf0ed,1
/posts/show/app-hosting/teaser,4
/_wdt/564cd5,1
/posts/show/static-site-quest/teaser,4
/_wdt/e22404,1
/_wdt/8178c7,1
/posts/show/stay-ahead-ai-with-humans/teaser,3
/posts/show/dependabot/teaser,3
/posts/show/imagining_contact_forms/teaser,3
/_wdt/a757a2,1
/_wdt/cab448,1
/_wdt/6f8774,1
/_wdt/f5282d,1
/_wdt/71a35f,1
/_wdt/50eac9,1
/_wdt/28e620,1
/_wdt/f61806,1
/_wdt/f327b8,1
/posts/show/dependabot,7
/_wdt/f1e181,1
/posts/show/images/dependabot-release-notes.png,2
/contact,1
/_wdt/e26ef0,1
/_wdt/ec6d67,1
/_wdt/884a23,1
/_wdt/d41c82,1
/_wdt/da5799,1
/_wdt/664215,1
/_wdt/54dca7,1
/_wdt/baa180,1
/_wdt/bbec88,1
/_wdt/2749fe,1
/_wdt/3f376f,1
/_wdt/eb9a1b,1
/_wdt/921a58,1
/images/dependabot-release-notes.png,1
/_wdt/6591b5,1
/_wdt/87b2ed,1
/_wdt/f9638b,1
/_wdt/9a643d,1
/_wdt/e632d0,1
/_wdt/11b981,1
/_wdt/b97c1d,1
/_wdt/b14a5f,1
/_wdt/4b82f4,1
/_wdt/538a73,1
/_wdt/b6e5c5,1
/_wdt/fce230,2
